CID,SMILES,MolecularFormula,MolecularWeight,InChI,InChIKey,IUPACName,XLogP,ExactMass,MonoisotopicMass,TPSA,Complexity,Charge,HBondDonorCount,HBondAcceptorCount,RotatableBondCount,HeavyAtomCount,IsotopeAtomCount,AtomStereoCount,DefinedAtomStereoCount,UndefinedAtomStereoCount,BondStereoCount,DefinedBondStereoCount,UndefinedBondStereoCount,CovalentUnitCount,Volume3D,XStericQuadrupole3D,YStericQuadrupole3D,ZStericQuadrupole3D,FeatureCount3D,FeatureAcceptorCount3D,FeatureDonorCount3D,FeatureAnionCount3D,FeatureCationCount3D,FeatureRingCount3D,FeatureHydrophobeCount3D,ConformerModelRMSD3D,EffectiveRotorCount3D,ConformerCount3D,pIC50
2744814,ClC1=CC(NC(=O)CSC2=NC=CC(=N2)C2=CSC(=N2)C2=CC=CC=C2)=CC(Cl)=C1,C21H14Cl2N4OS2,473.4,"InChI=1S/C21H14Cl2N4OS2/c22-14-8-15(23)10-16(9-14)25-19(28)12-30-21-24-7-6-17(27-21)18-11-29-20(26-18)13-4-2-1-3-5-13/h1-11H,12H2,(H,25,28)",LILOEJREEQFTPM-UHFFFAOYSA-N,"N-(3,5-dichlorophenyl)-2-[4-(2-phenyl-1,3-thiazol-4-yl)pyrimidin-2-yl]sulfanylacetamide",5.6,471.998609,471.998609,121.0,559.0,0.0,1.0,6.0,6.0,30.0,0.0,0.0,0.0,0.0,0.0,0.0,0.0,1.0,341.3,9.21,5.63,1.97,9.0,3.0,1.0,0.0,1.0,4.0,0.0,1.0,7.0,10.0,-0.477121255
2821293,CN1N=C(C=C1C(F)(F)F)C1=CC=C(S1)C1=CC=NC(SCC(=O)NC2=CC=C(Cl)C=C2)=N1,C21H15ClF3N5OS2,510.0,"InChI=1S/C21H15ClF3N5OS2/c1-30-18(21(23,24)25)10-15(29-30)17-7-6-16(33-17)14-8-9-26-20(28-14)32-11-19(31)27-13-4-2-12(22)3-5-13/h2-10H,11H2,1H3,(H,27,31)",AWQBIBTZJKFLEW-UHFFFAOYSA-N,N-(4-chlorophenyl)-2-[4-[5-[1-methyl-5-(trifluoromethyl)pyrazol-3-yl]thiophen-2-yl]pyrimidin-2-yl]sulfanylacetamide,4.9,509.035865,509.035865,126.0,670.0,0.0,1.0,9.0,6.0,33.0,0.0,0.0,0.0,0.0,0.0,0.0,0.0,1.0,360.6,12.71,5.23,1.68,9.0,3.0,1.0,0.0,1.0,4.0,0.0,1.2,8.0,10.0,-1
2820912,CSC1=C(C(C)=C(S1)C1=NC(C)=CS1)C1=CC=NC(SCC(=O)NC2=CC=C(Cl)C=C2)=N1,C22H19ClN4OS4,519.1,"InChI=1S/C22H19ClN4OS4/c1-12-10-30-20(25-12)19-13(2)18(21(29-3)32-19)16-8-9-24-22(27-16)31-11-17(28)26-15-6-4-14(23)5-7-15/h4-10H,11H2,1-3H3,(H,26,28)",WRXXISITJDZVCL-UHFFFAOYSA-N,"N-(4-chlorophenyl)-2-[4-[4-methyl-2-methylsulfanyl-5-(4-methyl-1,3-thiazol-2-yl)thiophen-3-yl]pyrimidin-2-yl]sulfanylacetamide",6.3,518.013024,518.013024,175.0,627.0,0.0,1.0,8.0,7.0,32.0,0.0,0.0,0.0,0.0,0.0,0.0,0.0,1.0,376.7,9.56,5.75,2.12,10.0,3.0,1.0,0.0,1.0,4.0,1.0,1.0,8.0,10.0,-1.041392685
2820914,CSC1=C(C(C)=C(S1)C1=NC(C)=CS1)C1=CC=NC(SCC(=O)NC2=CC=CC=C2Cl)=N1,C22H19ClN4OS4,519.1,"InChI=1S/C22H19ClN4OS4/c1-12-10-30-20(25-12)19-13(2)18(21(29-3)32-19)16-8-9-24-22(27-16)31-11-17(28)26-15-7-5-4-6-14(15)23/h4-10H,11H2,1-3H3,(H,26,28)",NNVVKOVHRSDRSQ-UHFFFAOYSA-N,"N-(2-chlorophenyl)-2-[4-[4-methyl-2-methylsulfanyl-5-(4-methyl-1,3-thiazol-2-yl)thiophen-3-yl]pyrimidin-2-yl]sulfanylacetamide",6.3,518.013024,518.013024,175.0,635.0,0.0,1.0,8.0,7.0,32.0,0.0,0.0,0.0,0.0,0.0,0.0,0.0,1.0,376.8,9.01,5.52,2.36,10.0,3.0,1.0,0.0,1.0,4.0,1.0,1.2,8.0,10.0,BLINDED
2744846,CC1=NC(=CS1)C1=NC(=CS1)C1=NC(SCC(=O)NC2=CC=C(Cl)C=C2)=NC=C1,C19H14ClN5OS3,460.0,"InChI=1S/C19H14ClN5OS3/c1-11-22-16(9-27-11)18-24-15(8-28-18)14-6-7-21-19(25-14)29-10-17(26)23-13-4-2-12(20)3-5-13/h2-9H,10H2,1H3,(H,23,26)",JEZYTEDGOJCVQS-UHFFFAOYSA-N,"N-(4-chlorophenyl)-2-[4-[2-(2-methyl-1,3-thiazol-4-yl)-1,3-thiazol-4-yl]pyrimidin-2-yl]sulfanylacetamide",4.4,459.004901,459.004901,162.0,554.0,0.0,1.0,8.0,6.0,29.0,0.0,0.0,0.0,0.0,0.0,0.0,0.0,1.0,332.3,10.12,5.41,1.57,10.0,4.0,1.0,0.0,1.0,4.0,0.0,1.0,7.0,10.0,-1.146128036
2745617,ClC1=CC=C(NC(=O)CSC2=NC=CC(=N2)C2=CC(=NO2)C2=CC=CC=C2)C=C1,C21H15ClN4O2S,422.9,"InChI=1S/C21H15ClN4O2S/c22-15-6-8-16(9-7-15)24-20(27)13-29-21-23-11-10-17(25-21)19-12-18(26-28-19)14-4-2-1-3-5-14/h1-12H,13H2,(H,24,27)",TUBDEXWKZSAMKH-UHFFFAOYSA-N,"N-(4-chlorophenyl)-2-[4-(3-phenyl-1,2-oxazol-5-yl)pyrimidin-2-yl]sulfanylacetamide",4.4,422.060425,422.060425,106.0,529.0,0.0,1.0,6.0,6.0,29.0,0.0,0.0,0.0,0.0,0.0,0.0,0.0,1.0,316.6,10.38,5.83,1.05,9.0,3.0,1.0,0.0,1.0,4.0,0.0,1.0,7.0,10.0,-1.176091259
2745640,FC(F)(F)C1=CC=C(NC(=O)CSC2=NC(=CC=N2)C2=CC(=NO2)C2=CC=C(Cl)C=C2Cl)C=C1,C22H13Cl2F3N4O2S,525.3,"InChI=1S/C22H13Cl2F3N4O2S/c23-13-3-6-15(16(24)9-13)18-10-19(33-31-18)17-7-8-28-21(30-17)34-11-20(32)29-14-4-1-12(2-5-14)22(25,26)27/h1-10H,11H2,(H,29,32)",QECWOSUSNVKLGQ-UHFFFAOYSA-N,"2-[4-[3-(2,4-dichlorophenyl)-1,2-oxazol-5-yl]pyrimidin-2-yl]sulfanyl-N-[4-(trifluoromethyl)phenyl]acetamide",5.9,524.008837,524.008837,106.0,687.0,0.0,1.0,9.0,6.0,34.0,0.0,0.0,0.0,0.0,0.0,0.0,0.0,1.0,368.4,11.83,6.0,1.32,9.0,3.0,1.0,0.0,1.0,4.0,0.0,1.0,8.0,10.0,-1.176091259
2745653,ClC1=CC=C(NC(=O)CSC2=NC=CC(=N2)C2=CC(=NO2)C2=C(Cl)C=CC=C2)C=C1,C21H14Cl2N4O2S,457.3,"InChI=1S/C21H14Cl2N4O2S/c22-13-5-7-14(8-6-13)25-20(28)12-30-21-24-10-9-17(26-21)19-11-18(27-29-19)15-3-1-2-4-16(15)23/h1-11H,12H2,(H,25,28)",UQVHELVNDYDRGX-UHFFFAOYSA-N,"N-(4-chlorophenyl)-2-[4-[3-(2-chlorophenyl)-1,2-oxazol-5-yl]pyrimidin-2-yl]sulfanylacetamide",5.0,456.021452,456.021452,106.0,567.0,0.0,1.0,6.0,6.0,30.0,0.0,0.0,0.0,0.0,0.0,0.0,0.0,1.0,332.2,10.23,5.86,1.35,9.0,3.0,1.0,0.0,1.0,4.0,0.0,1.0,7.0,10.0,-1.176091259
16075059,CCCC1=CC(Cl)=NC(SCC(=O)NC2=CC=C(Cl)C=C2)=N1,C15H15Cl2N3OS,356.3,"InChI=1S/C15H15Cl2N3OS/c1-2-3-12-8-13(17)20-15(19-12)22-9-14(21)18-11-6-4-10(16)5-7-11/h4-8H,2-3,9H2,1H3,(H,18,21)",QQDZEEDSNCOQLW-UHFFFAOYSA-N,N-(4-chlorophenyl)-2-(4-chloro-6-propylpyrimidin-2-yl)sulfanylacetamide,4.7,355.031289,355.031289,80.2,354.0,0.0,1.0,4.0,6.0,22.0,0.0,0.0,0.0,0.0,0.0,0.0,0.0,1.0,260.7,8.02,3.97,2.5,7.0,2.0,1.0,0.0,1.0,2.0,1.0,0.8,7.0,10.0,-1.477121255
135411083,COC1=CC(=CC=C1)C1=C(C#N)C(=O)NC(SCC(=O)NC2=CC=C(C=C2)S(N)(=O)=O)=N1,C20H17N5O5S2,471.5,"InChI=1S/C20H17N5O5S2/c1-30-14-4-2-3-12(9-14)18-16(10-21)19(27)25-20(24-18)31-11-17(26)23-13-5-7-15(8-6-13)32(22,28)29/h2-9H,11H2,1H3,(H,23,26)(H2,22,28,29)(H,24,25,27)",MFBIUOFKXQKEGQ-UHFFFAOYSA-N,2-[[5-cyano-4-(3-methoxyphenyl)-6-oxo-1H-pyrimidin-2-yl]sulfanyl]-N-(4-sulfamoylphenyl)acetamide,1.2,471.067111,471.067111,197.0,955.0,0.0,3.0,9.0,7.0,32.0,0.0,0.0,0.0,0.0,0.0,0.0,0.0,1.0,342.8,9.33,5.55,2.17,12.0,6.0,3.0,0.0,0.0,3.0,0.0,1.2,8.0,10.0,-1.602059991
2811874,CC(C)C1=CC=C(NC(=O)CSC2=NC(=CC=N2)C2=CC=CS2)C=C1,C19H19N3OS2,369.5,"InChI=1S/C19H19N3OS2/c1-13(2)14-5-7-15(8-6-14)21-18(23)12-25-19-20-10-9-16(22-19)17-4-3-11-24-17/h3-11,13H,12H2,1-2H3,(H,21,23)",UUBHDKPSKIQBFE-UHFFFAOYSA-N,N-(4-propan-2-ylphenyl)-2-(4-thiophen-2-ylpyrimidin-2-yl)sulfanylacetamide,4.5,369.096955,369.096955,108.0,427.0,0.0,1.0,5.0,6.0,25.0,0.0,0.0,0.0,0.0,0.0,0.0,0.0,1.0,286.6,10.99,4.44,1.1,8.0,2.0,1.0,0.0,1.0,3.0,1.0,1.0,7.0,10.0,-1.602059991
135410958,COC1=C(OC)C=C(NC(=O)CSC2=NC(O)=CC(=N2)C2=CC=CC=C2)C=C1,C20H19N3O4S,397.4,"InChI=1S/C20H19N3O4S/c1-26-16-9-8-14(10-17(16)27-2)21-19(25)12-28-20-22-15(11-18(24)23-20)13-6-4-3-5-7-13/h3-11H,12H2,1-2H3,(H,21,25)(H,22,23,24)",KIFWJAVYYRTXDP-UHFFFAOYSA-N,"N-(3,4-dimethoxyphenyl)-2-[(6-oxo-4-phenyl-1H-pyrimidin-2-yl)sulfanyl]acetamide",2.7,397.109627,397.109627,114.0,631.0,0.0,2.0,6.0,7.0,28.0,0.0,0.0,0.0,0.0,0.0,0.0,0.0,1.0,303.2,8.11,5.08,2.54,9.0,4.0,2.0,0.0,0.0,3.0,0.0,1.0,8.0,10.0,-1.653212514
135411084,COC1=CC=CC(=C1)C1=C(C#N)C(=O)NC(SCC(=O)NC2=CC=C(C=C2)C(C)=O)=N1,C22H18N4O4S,434.5,"InChI=1S/C22H18N4O4S/c1-13(27)14-6-8-16(9-7-14)24-19(28)12-31-22-25-20(18(11-23)21(29)26-22)15-4-3-5-17(10-15)30-2/h3-10H,12H2,1-2H3,(H,24,28)(H,25,26,29)",PWZKDBYJLZTANB-UHFFFAOYSA-N,N-(4-acetylphenyl)-2-[[5-cyano-4-(3-methoxyphenyl)-6-oxo-1H-pyrimidin-2-yl]sulfanyl]acetamide,2.3,434.104876,434.104876,146.0,836.0,0.0,2.0,7.0,7.0,31.0,0.0,0.0,0.0,0.0,0.0,0.0,0.0,1.0,332.2,8.72,5.61,2.2,10.0,5.0,2.0,0.0,0.0,3.0,0.0,1.0,8.0,10.0,-1.77815125
135411085,CCC(SC1=NC(C2=CC=CC(OC)=C2)=C(C#N)C(=O)N1)C(=O)NC1=CC=CC(=C1)C(C)=O,C24H22N4O4S,462.5,"InChI=1S/C24H22N4O4S/c1-4-20(23(31)26-17-9-5-7-15(11-17)14(2)29)33-24-27-21(19(13-25)22(30)28-24)16-8-6-10-18(12-16)32-3/h5-12,20H,4H2,1-3H3,(H,26,31)(H,27,28,30)",UNAFKZLBLWRTQK-UHFFFAOYSA-N,N-(3-acetylphenyl)-2-[[5-cyano-4-(3-methoxyphenyl)-6-oxo-1H-pyrimidin-2-yl]sulfanyl]butanamide,3.3,462.136176,462.136176,146.0,890.0,0.0,2.0,7.0,8.0,33.0,0.0,1.0,0.0,1.0,0.0,0.0,0.0,1.0,359.0,8.06,7.24,2.3,11.0,5.0,2.0,0.0,0.0,3.0,1.0,1.2,9.0,10.0,-1.77815125
135408428,CC1=CC(=O)NC(SCC(=O)NC2=C(OC3=CC=CC=C3)C=CC(Cl)=C2)=N1,C19H16ClN3O3S,401.9,"InChI=1S/C19H16ClN3O3S/c1-12-9-17(24)23-19(21-12)27-11-18(25)22-15-10-13(20)7-8-16(15)26-14-5-3-2-4-6-14/h2-10H,11H2,1H3,(H,22,25)(H,21,23,24)",KROPIDGCKMSLKK-UHFFFAOYSA-N,N-(5-chloro-2-phenoxyphenyl)-2-[(4-methyl-6-oxo-1H-pyrimidin-2-yl)sulfanyl]acetamide,3.7,401.06009,401.06009,105.0,619.0,0.0,2.0,5.0,6.0,27.0,0.0,0.0,0.0,0.0,0.0,0.0,0.0,1.0,297.6,7.46,5.43,1.62,8.0,3.0,2.0,0.0,0.0,3.0,0.0,1.4,7.0,10.0,-2
135410963,CC1=CC(O)=NC(SCC(=O)NC2=CC=C(OC3=CC=C(Cl)C=C3)C=C2)=N1,C19H16ClN3O3S,401.9,"InChI=1S/C19H16ClN3O3S/c1-12-10-17(24)23-19(21-12)27-11-18(25)22-14-4-8-16(9-5-14)26-15-6-2-13(20)3-7-15/h2-10H,11H2,1H3,(H,22,25)(H,21,23,24)",ZUEMNPRILMWAIX-UHFFFAOYSA-N,N-[4-(4-chlorophenoxy)phenyl]-2-[(4-methyl-6-oxo-1H-pyrimidin-2-yl)sulfanyl]acetamide,3.7,401.06009,401.06009,105.0,609.0,0.0,2.0,5.0,6.0,27.0,0.0,0.0,0.0,0.0,0.0,0.0,0.0,1.0,298.2,14.71,3.63,2.03,8.0,3.0,2.0,0.0,0.0,3.0,0.0,1.2,7.0,10.0,-2.301029996
2744870,CC(C)C1=CC=C(NC(=O)CSC2=NC=CC(=N2)C2=CSC(COC3=C(Cl)C=CC=C3)=N2)C=C1,C25H23ClN4O2S2,511.1,"InChI=1S/C25H23ClN4O2S2/c1-16(2)17-7-9-18(10-8-17)28-23(31)15-34-25-27-12-11-20(30-25)21-14-33-24(29-21)13-32-22-6-4-3-5-19(22)26/h3-12,14,16H,13,15H2,1-2H3,(H,28,31)",FAICNNMEVHYSOP-UHFFFAOYSA-N,"2-[4-[2-[(2-chlorophenoxy)methyl]-1,3-thiazol-4-yl]pyrimidin-2-yl]sulfanyl-N-(4-propan-2-ylphenyl)acetamide",5.9,510.095096,510.095096,131.0,638.0,0.0,1.0,7.0,9.0,34.0,0.0,0.0,0.0,0.0,0.0,0.0,0.0,1.0,385.3,13.71,6.19,1.88,11.0,4.0,1.0,0.0,1.0,4.0,1.0,1.4,10.0,10.0,-2.301029996
135411086,COC(OC)C1=CC(O)=NC(SCC(=O)NC2=CC=C(C=C2)C(F)(F)F)=N1,C16H16F3N3O4S,403.4,"InChI=1S/C16H16F3N3O4S/c1-25-14(26-2)11-7-12(23)22-15(21-11)27-8-13(24)20-10-5-3-9(4-6-10)16(17,18)19/h3-7,14H,8H2,1-2H3,(H,20,24)(H,21,22,23)",ZCGRJMKKUYGRMN-UHFFFAOYSA-N,2-[[4-(dimethoxymethyl)-6-oxo-1H-pyrimidin-2-yl]sulfanyl]-N-[4-(trifluoromethyl)phenyl]acetamide,1.7,403.081362,403.081362,114.0,613.0,0.0,2.0,9.0,7.0,27.0,0.0,0.0,0.0,0.0,0.0,0.0,0.0,1.0,289.1,12.12,3.58,1.43,8.0,4.0,2.0,0.0,0.0,2.0,0.0,1.0,9.0,10.0,-2.301029996
135419065,CCCCC1=CC=C(NC(=O)CSC2=NC(C3CCCCC3)=C(C#N)C(=O)N2)C(C)=C1,C24H30N4O2S,438.6,"InChI=1S/C24H30N4O2S/c1-3-4-8-17-11-12-20(16(2)13-17)26-21(29)15-31-24-27-22(18-9-6-5-7-10-18)19(14-25)23(30)28-24/h11-13,18H,3-10,15H2,1-2H3,(H,26,29)(H,27,28,30)",GBDKYZQJONYDPW-UHFFFAOYSA-N,N-(4-butyl-2-methylphenyl)-2-[(5-cyano-4-cyclohexyl-6-oxo-1H-pyrimidin-2-yl)sulfanyl]acetamide,5.5,438.208947,438.208947,120.0,776.0,0.0,2.0,5.0,8.0,31.0,0.0,0.0,0.0,0.0,0.0,0.0,0.0,1.0,348.4,9.88,4.88,2.75,9.0,3.0,2.0,0.0,0.0,3.0,1.0,1.2,10.2,10.0,-2.301029996
135411087,FC(F)(F)C1=CC=CC(NC(=O)CSC2=NC(C3=CC=CC=C3)=C(C#N)C(=O)N2)=C1,C20H13F3N4O2S,430.4,"InChI=1S/C20H13F3N4O2S/c21-20(22,23)13-7-4-8-14(9-13)25-16(28)11-30-19-26-17(12-5-2-1-3-6-12)15(10-24)18(29)27-19/h1-9H,11H2,(H,25,28)(H,26,27,29)",FNZHACBCLXJSBM-UHFFFAOYSA-N,2-[(5-cyano-6-oxo-4-phenyl-1H-pyrimidin-2-yl)sulfanyl]-N-[3-(trifluoromethyl)phenyl]acetamide,3.6,430.071131,430.071131,120.0,794.0,0.0,2.0,8.0,5.0,30.0,0.0,0.0,0.0,0.0,0.0,0.0,0.0,1.0,315.9,10.21,5.26,1.14,8.0,3.0,2.0,0.0,0.0,3.0,0.0,1.0,7.0,10.0,-2.301029996
2810524,CCOC(=O)C1=CN=C(SCC(=O)NC2=CC=C(C=C2)[N+]([O-])=O)N=C1N,C15H15N5O5S,377.4,"InChI=1S/C15H15N5O5S/c1-2-25-14(22)11-7-17-15(19-13(11)16)26-8-12(21)18-9-3-5-10(6-4-9)20(23)24/h3-7H,2,8H2,1H3,(H,18,21)(H2,16,17,19)",UOLRFSMMZCPIDL-UHFFFAOYSA-N,ethyl 4-amino-2-[2-(4-nitroanilino)-2-oxoethyl]sulfanylpyrimidine-5-carboxylate,2.2,377.07939,377.07939,178.0,509.0,0.0,2.0,9.0,7.0,26.0,0.0,0.0,0.0,0.0,0.0,0.0,0.0,1.0,277.4,9.33,6.02,1.63,11.0,4.0,2.0,1.0,2.0,2.0,0.0,1.0,9.0,10.0,-2.397940009
2918713,CCOC1=CC=C(C=C1)N1C(=O)CC(SC2=NC(C)=CC(C)=N2)C1=O,C18H19N3O3S,357.4,"InChI=1S/C18H19N3O3S/c1-4-24-14-7-5-13(6-8-14)21-16(22)10-15(17(21)23)25-18-19-11(2)9-12(3)20-18/h5-9,15H,4,10H2,1-3H3",DMJQWIMLNPOFCL-UHFFFAOYSA-N,"3-(4,6-dimethylpyrimidin-2-yl)sulfanyl-1-(4-ethoxyphenyl)pyrrolidine-2,5-dione",2.8,357.114713,357.114713,97.7,486.0,0.0,0.0,6.0,5.0,25.0,0.0,1.0,0.0,1.0,0.0,0.0,0.0,1.0,275.0,20.66,1.55,1.42,8.0,4.0,0.0,0.0,1.0,3.0,0.0,0.8,5.6,10.0,-2.477121255
135427623,COC1=CC=CC(=C1)C1=C(C#N)C(=O)NC(SCC(=O)NC2=CC=C(C=C2)[N+]([O-])=O)=N1,C20H15N5O5S,437.4,"InChI=1S/C20H15N5O5S/c1-30-15-4-2-3-12(9-15)18-16(10-21)19(27)24-20(23-18)31-11-17(26)22-13-5-7-14(8-6-13)25(28)29/h2-9H,11H2,1H3,(H,22,26)(H,23,24,27)",VZQGOJYNWVCAKC-UHFFFAOYSA-N,2-[[5-cyano-4-(3-methoxyphenyl)-6-oxo-1H-pyrimidin-2-yl]sulfanyl]-N-(4-nitrophenyl)acetamide,2.5,437.07939,437.07939,175.0,835.0,0.0,2.0,8.0,6.0,31.0,0.0,0.0,0.0,0.0,0.0,0.0,0.0,1.0,326.1,8.21,5.67,2.19,12.0,6.0,2.0,1.0,0.0,3.0,0.0,1.0,8.0,10.0,BLINDED
135411089,CC(SC1=NC(C2=CC=CC=C2)=C(C#N)C(=O)N1)C(=O)NC1=CC=C(Cl)C=C1,C20H15ClN4O2S,410.9,"InChI=1S/C20H15ClN4O2S/c1-12(18(26)23-15-9-7-14(21)8-10-15)28-20-24-17(13-5-3-2-4-6-13)16(11-22)19(27)25-20/h2-10,12H,1H3,(H,23,26)(H,24,25,27)",DGNRVGPZXZKQQS-UHFFFAOYSA-N,N-(4-chlorophenyl)-2-[(5-cyano-6-oxo-4-phenyl-1H-pyrimidin-2-yl)sulfanyl]propanamide,3.7,410.060425,410.060425,120.0,728.0,0.0,2.0,5.0,5.0,28.0,0.0,1.0,0.0,1.0,0.0,0.0,0.0,1.0,308.6,6.68,6.08,2.27,9.0,3.0,2.0,0.0,0.0,3.0,1.0,0.8,6.0,10.0,-2.477121255
135411090,CC(C)(C)C1=CC=C(NC(=O)CSC2=NC(C3CCCCC3)=C(C#N)C(=O)N2)C=C1,C23H28N4O2S,424.6,"InChI=1S/C23H28N4O2S/c1-23(2,3)16-9-11-17(12-10-16)25-19(28)14-30-22-26-20(15-7-5-4-6-8-15)18(13-24)21(29)27-22/h9-12,15H,4-8,14H2,1-3H3,(H,25,28)(H,26,27,29)",OLHLKONSFGSLGT-UHFFFAOYSA-N,N-(4-tert-butylphenyl)-2-[(5-cyano-4-cyclohexyl-6-oxo-1H-pyrimidin-2-yl)sulfanyl]acetamide,4.9,424.193297,424.193297,120.0,773.0,0.0,2.0,5.0,6.0,30.0,0.0,0.0,0.0,0.0,0.0,0.0,0.0,1.0,336.2,11.61,4.29,2.96,9.0,3.0,2.0,0.0,0.0,3.0,1.0,1.2,8.2,10.0,-2.544068044
2823615,COC1=CC=C(C=C1)C1=NC(SCC(=O)NC2=CC=C(C=C2)C(C)C)=NC=C1,C22H23N3O2S,393.5,"InChI=1S/C22H23N3O2S/c1-15(2)16-4-8-18(9-5-16)24-21(26)14-28-22-23-13-12-20(25-22)17-6-10-19(27-3)11-7-17/h4-13,15H,14H2,1-3H3,(H,24,26)",CJBZKDWWJIGHRP-UHFFFAOYSA-N,2-[4-(4-methoxyphenyl)pyrimidin-2-yl]sulfanyl-N-(4-propan-2-ylphenyl)acetamide,4.7,393.151098,393.151098,89.4,474.0,0.0,1.0,5.0,7.0,28.0,0.0,0.0,0.0,0.0,0.0,0.0,0.0,1.0,312.6,10.23,5.64,1.2,9.0,3.0,1.0,0.0,1.0,3.0,1.0,1.0,8.0,10.0,-2.602059991
1342108,CC1=NC(SCC(=O)NC2=CC=C(Cl)C=C2F)=NC(=C1)C(F)(F)F,C14H10ClF4N3OS,379.8,"InChI=1S/C14H10ClF4N3OS/c1-7-4-11(14(17,18)19)22-13(20-7)24-6-12(23)21-10-3-2-8(15)5-9(10)16/h2-5H,6H2,1H3,(H,21,23)",HYEIKCOUEGKGTH-UHFFFAOYSA-N,N-(4-chloro-2-fluorophenyl)-2-[4-methyl-6-(trifluoromethyl)pyrimidin-2-yl]sulfanylacetamide,4.0,379.016924,379.016924,80.2,443.0,0.0,1.0,8.0,4.0,24.0,0.0,0.0,0.0,0.0,0.0,0.0,0.0,1.0,259.8,8.26,3.45,2.32,6.0,2.0,1.0,0.0,1.0,2.0,0.0,0.8,6.0,10.0,-2.698970004
164676,CC1=COC2=C1C(=O)C(=O)C1=C3CCCC(C)(C)C3=CC=C21,C19H18O3,294.3,"InChI=1S/C19H18O3/c1-10-9-22-18-12-6-7-13-11(5-4-8-19(13,2)3)15(12)17(21)16(20)14(10)18/h6-7,9H,4-5,8H2,1-3H3",HYXITZLLTYIPOF-UHFFFAOYSA-N,"1,6,6-trimethyl-8,9-dihydro-7H-naphtho[1,2-g][1]benzofuran-10,11-dione",4.3,294.125594,294.125594,47.3,509.0,0.0,0.0,3.0,0.0,22.0,0.0,0.0,0.0,0.0,0.0,0.0,0.0,1.0,230.7,9.71,2.64,0.77,8.0,3.0,0.0,0.0,0.0,4.0,1.0,0.6,0.8,1.0,BLINDED
318797,CC1=COC2=C1C(=O)C(=O)C1=C3CCCC(C)(CO)C3=CC=C21,C19H18O4,310.3,"InChI=1S/C19H18O4/c1-10-8-23-18-12-5-6-13-11(4-3-7-19(13,2)9-20)15(12)17(22)16(21)14(10)18/h5-6,8,20H,3-4,7,9H2,1-2H3",XDUXBBDRILEIEZ-UHFFFAOYSA-N,"6-(hydroxymethyl)-1,6-dimethyl-8,9-dihydro-7H-naphtho[1,2-g][1]benzofuran-10,11-dione",2.9,310.120509,310.120509,67.5,530.0,0.0,1.0,4.0,1.0,23.0,0.0,1.0,0.0,1.0,0.0,0.0,0.0,1.0,237.9,10.44,2.6,0.8,9.0,4.0,1.0,0.0,0.0,4.0,0.0,0.6,1.8,5.0,-1.394451681
624381,COC(=O)C1(C)CCCC2=C3C(=O)C(=O)C4=C(OC=C4C)C3=CC=C12,C20H18O5,338.4,"InChI=1S/C20H18O5/c1-10-9-25-18-12-6-7-13-11(15(12)17(22)16(21)14(10)18)5-4-8-20(13,2)19(23)24-3/h6-7,9H,4-5,8H2,1-3H3",YFDKIHAZVQFLRC-UHFFFAOYSA-N,"methyl 1,6-dimethyl-10,11-dioxo-8,9-dihydro-7H-naphtho[1,2-g][1]benzofuran-6-carboxylate",3.2,338.115424,338.115424,73.6,613.0,0.0,0.0,5.0,2.0,25.0,0.0,1.0,0.0,1.0,0.0,0.0,0.0,1.0,256.4,11.58,2.79,0.91,8.0,4.0,0.0,0.0,0.0,4.0,0.0,0.6,2.8,8.0,-1.324282455
496348,CC1COC2=C1C(=O)C(=O)C1=C3CCCC(C)(C)C3=CC=C21,C19H20O3,296.4,"InChI=1S/C19H20O3/c1-10-9-22-18-12-6-7-13-11(5-4-8-19(13,2)3)15(12)17(21)16(20)14(10)18/h6-7,10H,4-5,8-9H2,1-3H3",GVKKJJOMQCNPGB-UHFFFAOYSA-N,"1,6,6-trimethyl-2,7,8,9-tetrahydro-1H-naphtho[1,2-g][1]benzofuran-10,11-dione",3.8,296.141245,296.141245,43.4,571.0,0.0,0.0,3.0,0.0,22.0,0.0,1.0,0.0,1.0,0.0,0.0,0.0,1.0,232.9,9.46,2.64,0.86,8.0,3.0,0.0,0.0,0.0,4.0,1.0,0.6,1.4,1.0,-2.35545152
114917,CC1=COC2=C1C(=O)C(=O)C1=C2C=CC2=C(C)C=CC=C12,C18H12O3,276.3,"InChI=1S/C18H12O3/c1-9-4-3-5-12-11(9)6-7-13-15(12)17(20)16(19)14-10(2)8-21-18(13)14/h3-8H,1-2H3",AIGAZQPHXLWMOJ-UHFFFAOYSA-N,"1,6-dimethylnaphtho[1,2-g][1]benzofuran-10,11-dione",3.7,276.078644,276.078644,47.3,471.0,0.0,0.0,3.0,0.0,21.0,0.0,0.0,0.0,0.0,0.0,0.0,0.0,1.0,216.7,9.25,2.69,0.6,7.0,3.0,0.0,0.0,0.0,4.0,0.0,0.6,0.0,1.0,-1.587710965
5316743,CC1COC2=C1C(=O)C(=O)C1=C2C=CC2=C(C)C=CC=C12,C18H14O3,278.3,"InChI=1S/C18H14O3/c1-9-4-3-5-12-11(9)6-7-13-15(12)17(20)16(19)14-10(2)8-21-18(13)14/h3-7,10H,8H2,1-2H3",HARGZZNYNSYSGJ-UHFFFAOYSA-N,"1,6-dimethyl-1,2-dihydronaphtho[1,2-g][1]benzofuran-10,11-dione",3.2,278.094294,278.094294,43.4,533.0,0.0,0.0,3.0,0.0,21.0,0.0,1.0,0.0,1.0,0.0,0.0,0.0,1.0,218.5,8.99,2.69,0.7,7.0,3.0,0.0,0.0,0.0,4.0,0.0,0.6,0.6,1.0,-1.158362492
160142,CC(C)C1=CC2=CC=C3C(CCCC3(C)C)=C2C(=O)C1=O,C19H22O2,282.4,"InChI=1S/C19H22O2/c1-11(2)14-10-12-7-8-15-13(6-5-9-19(15,3)4)16(12)18(21)17(14)20/h7-8,10-11H,5-6,9H2,1-4H3",FEFAIBOZOKSLJR-UHFFFAOYSA-N,"8,8-dimethyl-2-propan-2-yl-6,7-dihydro-5H-phenanthrene-3,4-dione",4.9,282.16198,282.16198,34.1,498.0,0.0,0.0,2.0,1.0,21.0,0.0,0.0,0.0,0.0,0.0,0.0,0.0,1.0,230.3,9.88,2.42,0.94,7.0,2.0,0.0,0.0,0.0,3.0,2.0,0.6,1.8,4.0,-1.324282455
2799606,CC1=C(Cl)C=C(Cl)C(=C1)S(=O)(=O)C1=C(C=C(C=C1[N+]([O-])=O)C(F)(F)F)[N+]([O-])=O,C14H7Cl2F3N2O6S,459.2,"InChI=1S/C14H7Cl2F3N2O6S/c1-6-2-12(9(16)5-8(6)15)28(26,27)13-10(20(22)23)3-7(14(17,18)19)4-11(13)21(24)25/h2-5H,1H3",INAZPZCJNPPHGV-UHFFFAOYSA-N,"1,5-dichloro-2-[2,6-dinitro-4-(trifluoromethyl)phenyl]sulfonyl-4-methylbenzene",4.9,457.935397,457.935397,134.0,697.0,0.0,0.0,9.0,2.0,28.0,0.0,0.0,0.0,0.0,0.0,0.0,0.0,1.0,294.4,9.46,3.03,1.97,10.0,6.0,0.0,2.0,0.0,2.0,0.0,0.8,5.0,4.0,0.522878745
2774892,ClC(Cl)=C(Cl)C(=O)OC1=CC=C(C=C1)S(=O)(=O)C1=CC=C(OC(=O)C(Cl)=C(Cl)Cl)C=C1,C18H8Cl6O6S,565.0,"InChI=1S/C18H8Cl6O6S/c19-13(15(21)22)17(25)29-9-1-5-11(6-2-9)31(27,28)12-7-3-10(4-8-12)30-18(26)14(20)16(23)24/h1-8H",HXYPMMAPDRFFTM-UHFFFAOYSA-N,"[4-[4-(2,3,3-trichloroprop-2-enoyloxy)phenyl]sulfonylphenyl] 2,3,3-trichloroprop-2-enoate",7.3,563.814325,561.817275,95.1,777.0,0.0,0.0,6.0,8.0,31.0,0.0,0.0,0.0,0.0,0.0,0.0,0.0,1.0,362.0,20.02,7.05,1.28,6.0,4.0,0.0,0.0,0.0,2.0,0.0,1.0,8.0,10.0,0.045757491
2819040,NC1=NC=C(C(N)=N1)S(=O)(=O)C1=CC=C(Cl)C=C1,C10H9ClN4O2S,284.72,"InChI=1S/C10H9ClN4O2S/c11-6-1-3-7(4-2-6)18(16,17)8-5-14-10(13)15-9(8)12/h1-5H,(H4,12,13,14,15)",RPPFHWBHHCJZJS-UHFFFAOYSA-N,"5-(4-chlorophenyl)sulfonylpyrimidine-2,4-diamine",1.5,284.013474,284.013474,120.0,378.0,0.0,2.0,6.0,2.0,18.0,0.0,0.0,0.0,0.0,0.0,0.0,0.0,1.0,195.7,8.18,1.93,1.55,7.0,2.0,2.0,0.0,1.0,2.0,0.0,0.6,2.0,2.0,-0.77815125
2797358,[O-][N+](=O)C1=CC(=CC=C1S(=O)(=O)C1=CC=C(Cl)C=C1)C(F)(F)F,C13H7ClF3NO4S,365.71,"InChI=1S/C13H7ClF3NO4S/c14-9-2-4-10(5-3-9)23(21,22)12-6-1-8(13(15,16)17)7-11(12)18(19)20/h1-7H",ZNNXTHUWLFOGRX-UHFFFAOYSA-N,1-(4-chlorophenyl)sulfonyl-2-nitro-4-(trifluoromethyl)benzene,4.7,364.973641,364.973641,88.3,535.0,0.0,0.0,7.0,2.0,23.0,0.0,0.0,0.0,0.0,0.0,0.0,0.0,1.0,244.5,9.89,2.84,1.63,7.0,4.0,0.0,1.0,0.0,2.0,0.0,0.6,4.0,3.0,-1.079181246
2726174,CC1=C(C(C)=C(C#N)C(=N1)S(=O)(=O)C1=CC=CC=C1)[N+]([O-])=O,C14H11N3O4S,317.32,"InChI=1S/C14H11N3O4S/c1-9-12(8-15)14(16-10(2)13(9)17(18)19)22(20,21)11-6-4-3-5-7-11/h3-7H,1-2H3",JLRPBEAXLCQKGS-UHFFFAOYSA-N,"2-(benzenesulfonyl)-4,6-dimethyl-5-nitropyridine-3-carbonitrile",2.3,317.047027,317.047027,125.0,565.0,0.0,0.0,6.0,2.0,22.0,0.0,0.0,0.0,0.0,0.0,0.0,0.0,1.0,232.6,8.37,3.47,0.99,9.0,6.0,0.0,1.0,0.0,2.0,0.0,0.6,3.0,4.0,-1.113943352
2726176,CC1=CC=C(C=C1)S(=O)(=O)C1=NC(C)=C(C(C)=C1C#N)[N+]([O-])=O,C15H13N3O4S,331.3,"InChI=1S/C15H13N3O4S/c1-9-4-6-12(7-5-9)23(21,22)15-13(8-16)10(2)14(18(19)20)11(3)17-15/h4-7H,1-3H3",SWVOLMFAZXVBNL-UHFFFAOYSA-N,"4,6-dimethyl-2-(4-methylphenyl)sulfonyl-5-nitropyridine-3-carbonitrile",2.7,331.062677,331.062677,125.0,592.0,0.0,0.0,6.0,2.0,23.0,0.0,0.0,0.0,0.0,0.0,0.0,0.0,1.0,245.5,9.56,3.52,0.97,9.0,6.0,0.0,1.0,0.0,2.0,0.0,0.6,3.0,4.0,-1.113943352
2774667,[O-][N+](=O)C1=C[N+]([O-])=C(C=C1)S(=O)(=O)C1=CC=C(Cl)C=C1,C11H7ClN2O5S,314.7,"InChI=1S/C11H7ClN2O5S/c12-8-1-4-10(5-2-8)20(18,19)11-6-3-9(14(16)17)7-13(11)15/h1-7H",CWTLKYCMNTVRJN-UHFFFAOYSA-N,2-(4-chlorophenyl)sulfonyl-5-nitro-1-oxidopyridin-1-ium,1.4,313.97642,313.97642,114.0,452.0,0.0,0.0,5.0,2.0,20.0,0.0,0.0,0.0,0.0,0.0,0.0,0.0,1.0,214.9,9.86,2.15,1.54,8.0,4.0,0.0,2.0,0.0,2.0,0.0,0.6,3.0,2.0,-1.176091259
2799801,CCOC(=O)C(=C\NC1=CC=C(C=C1)S(=O)(=O)C1=CC=C(N\C=C(/C#N)C(=O)OCC)C=C1)\C#N,C24H22N4O6S,494.5,"InChI=1S/C24H22N4O6S/c1-3-33-23(29)17(13-25)15-27-19-5-9-21(10-6-19)35(31,32)22-11-7-20(8-12-22)28-16-18(14-26)24(30)34-4-2/h5-12,15-16,27-28H,3-4H2,1-2H3/b17-15+,18-16+",UTSWQPCQKBMWQD-YTEMWHBBSA-N,ethyl (E)-2-cyano-3-[4-[4-[[(E)-2-cyano-3-ethoxy-3-oxoprop-1-enyl]amino]phenyl]sulfonylanilino]prop-2-enoate,4.4,494.126006,494.126006,167.0,935.0,0.0,2.0,10.0,12.0,35.0,0.0,0.0,0.0,0.0,2.0,2.0,0.0,1.0,378.6,35.53,5.33,2.11,12.0,6.0,2.0,0.0,2.0,2.0,0.0,1.2,12.0,10.0,BLINDED
2775844,OC(=O)C1=CC=C(C=C1)S(=O)(=O)C1=CC(Br)=C(O)C(Br)=C1,C13H8Br2O5S,436.07,"InChI=1S/C13H8Br2O5S/c14-10-5-9(6-11(15)12(10)16)21(19,20)8-3-1-7(2-4-8)13(17)18/h1-6,16H,(H,17,18)",PWOOQGJCRRKDBU-UHFFFAOYSA-N,"4-(3,5-dibromo-4-hydroxyphenyl)sulfonylbenzoic acid",3.3,435.84387,433.84592,100.0,469.0,0.0,2.0,5.0,3.0,21.0,0.0,0.0,0.0,0.0,0.0,0.0,0.0,1.0,246.8,10.72,2.44,2.06,10.0,4.0,1.0,1.0,0.0,2.0,2.0,0.6,3.0,1.0,-1.204119983
4270495,CC(=O)C1=CC=CC=C1S(=O)(=O)C1=CC=CC=C1C(O)=O,C15H12O5S,304.3,"InChI=1S/C15H12O5S/c1-10(16)11-6-2-4-8-13(11)21(19,20)14-9-5-3-7-12(14)15(17)18/h2-9H,1H3,(H,17,18)",PZDMHBOCYKZMGI-UHFFFAOYSA-N,2-(2-acetylphenyl)sulfonylbenzoic acid,1.6,304.040545,304.040545,96.9,505.0,0.0,1.0,5.0,4.0,21.0,0.0,0.0,0.0,0.0,0.0,0.0,0.0,1.0,223.6,5.3,3.11,1.54,8.0,5.0,0.0,1.0,0.0,2.0,0.0,0.6,4.0,10.0,-1.204119983
70871,[O-][N+](=O)C1=CC=C(C=C1)S(=O)(=O)C1=CC=C(C=C1)[N+]([O-])=O,C12H8N2O6S,308.27,"InChI=1S/C12H8N2O6S/c15-13(16)9-1-5-11(6-2-9)21(19,20)12-7-3-10(4-8-12)14(17)18/h1-8H",BVHNGWRPAFKGFP-UHFFFAOYSA-N,1-nitro-4-(4-nitrophenyl)sulfonylbenzene,2.5,308.010307,308.010307,134.0,447.0,0.0,0.0,6.0,2.0,21.0,0.0,0.0,0.0,0.0,0.0,0.0,0.0,1.0,217.9,11.23,2.3,1.5,10.0,6.0,0.0,2.0,0.0,2.0,0.0,0.6,4.0,1.0,-1.397940009
2799800,CCOC(=O)C(=CNC1=CC=C(C=C1)S(=O)(=O)C1=CC=C(NC=C(C(=O)OCC)C(=O)OCC)C=C1)C(=O)OCC,C28H32N2O10S,588.6,"InChI=1S/C28H32N2O10S/c1-5-37-25(31)23(26(32)38-6-2)17-29-19-9-13-21(14-10-19)41(35,36)22-15-11-20(12-16-22)30-18-24(27(33)39-7-3)28(34)40-8-4/h9-18,29-30H,5-8H2,1-4H3",WDGGKTJDOULDBD-UHFFFAOYSA-N,diethyl 2-[[4-[4-[(3-ethoxy-2-ethoxycarbonyl-3-oxoprop-1-enyl)amino]phenyl]sulfonylanilino]methylidene]propanedioate,5.4,588.177766,588.177766,172.0,946.0,0.0,2.0,12.0,18.0,41.0,0.0,0.0,0.0,0.0,0.0,0.0,0.0,1.0,0.0,,,,,,,,,,,,,,BLINDED
2822496,FC(F)(F)C1=NN=C(N1)SC(=O)C1=CC=C(O1)C#CC1=CC=CC=C1,C16H8F3N3O2S,363.3,"InChI=1S/C16H8F3N3O2S/c17-16(18,19)14-20-15(22-21-14)25-13(23)12-9-8-11(24-12)7-6-10-4-2-1-3-5-10/h1-5,8-9H,(H,20,21,22)",VNGWUVBXUIDQTK-UHFFFAOYSA-N,"S-[5-(trifluoromethyl)-1H-1,2,4-triazol-3-yl] 5-(2-phenylethynyl)furan-2-carbothioate",4.6,363.028932,363.028932,97.1,554.0,0.0,1.0,8.0,5.0,25.0,0.0,0.0,0.0,0.0,0.0,0.0,0.0,1.0,260.5,22.7,2.99,1.15,7.0,1.0,1.0,0.0,2.0,3.0,0.0,0.8,4.0,10.0,-0.477121255
3776668,CN1N=C(C=C1C1=CC=C(S1)C(=O)NC1=C(C(C)=NO1)[N+]([O-])=O)C(F)(F)F,C14H10F3N5O4S,401.32,"InChI=1S/C14H10F3N5O4S/c1-6-11(22(24)25)13(26-20-6)18-12(23)9-4-3-8(27-9)7-5-10(14(15,16)17)19-21(7)2/h3-5H,1-2H3,(H,18,23)",BCEDEDBQGPNQMM-UHFFFAOYSA-N,"N-(3-methyl-4-nitro-1,2-oxazol-5-yl)-5-[2-methyl-5-(trifluoromethyl)pyrazol-3-yl]thiophene-2-carboxamide",3.3,401.040559,401.040559,147.0,592.0,0.0,1.0,10.0,3.0,27.0,0.0,0.0,0.0,0.0,0.0,0.0,0.0,1.0,273.3,18.53,3.07,1.16,10.0,5.0,1.0,1.0,0.0,3.0,0.0,0.8,6.0,10.0,-0.698970004
2742278,CC1=C(C=C(O1)C(C)(C)C)C1=NNC(NS(=O)(=O)C2=CC=CS2)=C1,C16H19N3O3S2,365.5,"InChI=1S/C16H19N3O3S2/c1-10-11(8-13(22-10)16(2,3)4)12-9-14(18-17-12)19-24(20,21)15-6-5-7-23-15/h5-9H,1-4H3,(H2,17,18,19)",HUNAFKUGDBHPEN-UHFFFAOYSA-N,N-[5-(5-tert-butyl-2-methylfuran-3-yl)-1H-pyrazol-3-yl]thiophene-2-sulfonamide,3.9,365.086784,365.086784,125.0,544.0,0.0,2.0,6.0,5.0,24.0,0.0,0.0,0.0,0.0,0.0,0.0,0.0,1.0,270.6,20.77,2.43,1.06,10.0,4.0,2.0,0.0,0.0,3.0,1.0,0.8,5.0,10.0,-1
2819269,CSC1=NNC(NC(=O)C2=CC=CS2)=C1S(=O)(=O)C1=CC=C(Cl)C=C1,C15H12ClN3O3S3,413.9,"InChI=1S/C15H12ClN3O3S3/c1-23-15-12(25(21,22)10-6-4-9(16)5-7-10)13(18-19-15)17-14(20)11-3-2-8-24-11/h2-8H,1H3,(H2,17,18,19,20)",WTTWXUFEJVILJY-UHFFFAOYSA-N,N-[4-(4-chlorophenyl)sulfonyl-3-methylsulfanyl-1H-pyrazol-5-yl]thiophene-2-carboxamide,4.2,412.972933,412.972933,154.0,578.0,0.0,2.0,6.0,5.0,25.0,0.0,0.0,0.0,0.0,0.0,0.0,0.0,1.0,285.1,9.94,5.26,1.55,10.0,4.0,2.0,0.0,0.0,3.0,1.0,0.8,6.0,10.0,-1.176091259
2820775,CC1(C)CC2=C(SC(NCC3=CC=CO3)=C2C(=O)C1)C#N,C16H16N2O2S,300.4,"InChI=1S/C16H16N2O2S/c1-16(2)6-11-13(8-17)21-15(14(11)12(19)7-16)18-9-10-4-3-5-20-10/h3-5,18H,6-7,9H2,1-2H3",OELFRKXRVLKMSJ-UHFFFAOYSA-N,"3-(furan-2-ylmethylamino)-6,6-dimethyl-4-oxo-5,7-dihydro-2-benzothiophene-1-carbonitrile",4.1,300.093249,300.093249,94.3,470.0,0.0,1.0,5.0,3.0,21.0,0.0,0.0,0.0,0.0,0.0,0.0,0.0,1.0,233.1,11.18,3.35,0.91,9.0,3.0,1.0,0.0,1.0,3.0,1.0,0.6,3.6,10.0,-1.204119983
4398304,CSC1=NN(C2=C(C(C)=NN2C)[N+]([O-])=O)C(C2=CC=CS2)=C1C#N,C14H12N6O2S2,360.4,"InChI=1S/C14H12N6O2S2/c1-8-11(20(21)22)14(18(2)16-8)19-12(10-5-4-6-24-10)9(7-15)13(17-19)23-3/h4-6H,1-3H3",NTMNWUJSOXLLCJ-UHFFFAOYSA-N,"1-(2,5-dimethyl-4-nitropyrazol-3-yl)-3-methylsulfanyl-5-thiophen-2-ylpyrazole-4-carbonitrile",2.7,360.046316,360.046316,159.0,537.0,0.0,0.0,7.0,3.0,24.0,0.0,0.0,0.0,0.0,0.0,0.0,0.0,1.0,263.4,6.05,4.32,1.99,10.0,5.0,0.0,1.0,0.0,3.0,1.0,0.8,4.0,8.0,-1.255272505
2809433,ClC1=CC=C(S1)C1=CSC(CS(=O)(=O)C2=CC=CS2)=N1,C12H8ClNO2S4,361.9,"InChI=1S/C12H8ClNO2S4/c13-10-4-3-9(19-10)8-6-18-11(14-8)7-20(15,16)12-2-1-5-17-12/h1-6H,7H2",RNWCXVNZHBPXSO-UHFFFAOYSA-N,"4-(5-chlorothiophen-2-yl)-2-(thiophen-2-ylsulfonylmethyl)-1,3-thiazole",4.1,360.912641,360.912641,140.0,441.0,0.0,0.0,6.0,4.0,20.0,0.0,0.0,0.0,0.0,0.0,0.0,0.0,1.0,242.9,16.25,2.41,0.88,6.0,3.0,0.0,0.0,0.0,3.0,0.0,0.6,4.0,10.0,-1.255272505
4305683,CN1N=C(C)C(=C1NCC1=CC=C(S1)C1=CC=CS1)[N+]([O-])=O,C14H14N4O2S2,334.4,"InChI=1S/C14H14N4O2S2/c1-9-13(18(19)20)14(17(2)16-9)15-8-10-5-6-12(22-10)11-4-3-7-21-11/h3-7,15H,8H2,1-2H3",FRQPWTXXDABLQI-UHFFFAOYSA-N,"2,5-dimethyl-4-nitro-N-[(5-thiophen-2-ylthiophen-2-yl)methyl]pyrazol-3-amine",3.9,334.055818,334.055818,132.0,409.0,0.0,1.0,6.0,4.0,22.0,0.0,0.0,0.0,0.0,0.0,0.0,0.0,1.0,245.1,17.42,2.01,1.17,9.0,3.0,1.0,1.0,1.0,3.0,0.0,0.8,5.0,10.0,-1.301029996
23644661,O=C(CC1=NCCS1)C1=NC=CS1,C8H8N2OS2,212.3,"InChI=1S/C8H8N2OS2/c11-6(8-10-2-4-13-8)5-7-9-1-3-12-7/h2,4H,1,3,5H2",GGVYMBBIRKYGKJ-UHFFFAOYSA-N,"2-(4,5-dihydro-1,3-thiazol-2-yl)-1-(1,3-thiazol-2-yl)ethanone",1.2,212.007805,212.007805,95.9,242.0,0.0,0.0,5.0,3.0,13.0,0.0,0.0,0.0,0.0,0.0,0.0,0.0,1.0,155.1,8.77,1.21,0.97,5.0,3.0,0.0,0.0,0.0,2.0,0.0,0.6,3.6,10.0,-1.602059991
16203797,ClC1=CC=C(C=C1)C1=CC=C(O1)C(=O)OC1=CN=CC(Cl)=C1,C16H9Cl2NO3,334.1,InChI=1S/C16H9Cl2NO3/c17-11-3-1-10(2-4-11)14-5-6-15(22-14)16(20)21-13-7-12(18)8-19-9-13/h1-9H,UICFGOSRHHZBHZ-UHFFFAOYSA-N,(5-chloropyridin-3-yl) 5-(4-chlorophenyl)furan-2-carboxylate,4.6,332.995948,332.995948,52.3,388.0,0.0,0.0,4.0,4.0,22.0,0.0,0.0,0.0,0.0,0.0,0.0,0.0,1.0,240.4,19.69,1.76,1.12,6.0,3.0,0.0,0.0,0.0,3.0,0.0,0.6,4.0,10.0,1.200659451
16204418,[O-][N+](=O)C1=CC=C(C=C1)C1=CC=C(O1)C(=O)OC1=CN=CC(Cl)=C1,C16H9ClN2O5,344.7,InChI=1S/C16H9ClN2O5/c17-11-7-13(9-18-8-11)23-16(20)15-6-5-14(24-15)10-1-3-12(4-2-10)19(21)22/h1-9H,KVPGYJGIPXOKGJ-UHFFFAOYSA-N,(5-chloropyridin-3-yl) 5-(4-nitrophenyl)furan-2-carboxylate,3.8,344.019999,344.019999,98.2,464.0,0.0,0.0,6.0,4.0,24.0,0.0,0.0,0.0,0.0,0.0,0.0,0.0,1.0,249.3,21.52,1.86,1.08,9.0,5.0,0.0,1.0,0.0,3.0,0.0,0.8,5.0,10.0,1.22184875
16204323,[O-][N+](=O)C1=C(C=CC(Cl)=C1)C1=CC=C(O1)C(=O)OC1=CN=CC(Cl)=C1,C16H8Cl2N2O5,379.1,InChI=1S/C16H8Cl2N2O5/c17-9-1-2-12(13(6-9)20(22)23)14-3-4-15(25-14)16(21)24-11-5-10(18)7-19-8-11/h1-8H,YEGHZGNCUKGRIS-UHFFFAOYSA-N,(5-chloropyridin-3-yl) 5-(4-chloro-2-nitrophenyl)furan-2-carboxylate,4.4,377.981027,377.981027,98.2,503.0,0.0,0.0,6.0,4.0,25.0,0.0,0.0,0.0,0.0,0.0,0.0,0.0,1.0,264.7,15.1,2.67,1.65,9.0,5.0,0.0,1.0,0.0,3.0,0.0,1.0,5.0,10.0,BLINDED
16204417,[O-][N+](=O)C1=C(C=CC=C1)C1=CC=C(O1)C(=O)OC1=CN=CC(Cl)=C1,C16H9ClN2O5,344.7,InChI=1S/C16H9ClN2O5/c17-10-7-11(9-18-8-10)23-16(20)15-6-5-14(24-15)12-3-1-2-4-13(12)19(21)22/h1-9H,OGRUFOQJVSKQTN-UHFFFAOYSA-N,(5-chloropyridin-3-yl) 5-(2-nitrophenyl)furan-2-carboxylate,3.8,344.019999,344.019999,98.2,472.0,0.0,0.0,6.0,4.0,24.0,0.0,0.0,0.0,0.0,0.0,0.0,0.0,1.0,248.5,13.76,2.51,1.61,9.0,5.0,0.0,1.0,0.0,3.0,0.0,1.0,5.0,10.0,0.681936665
16203799,[O-][N+](=O)C1=CC=CC(=C1)C1=CC=C(O1)C(=O)OC1=CN=CC(Cl)=C1,C16H9ClN2O5,344.7,InChI=1S/C16H9ClN2O5/c17-11-7-13(9-18-8-11)23-16(20)15-5-4-14(24-15)10-2-1-3-12(6-10)19(21)22/h1-9H,FFZBRNPLWVOTBP-UHFFFAOYSA-N,(5-chloropyridin-3-yl) 5-(3-nitrophenyl)furan-2-carboxylate,3.8,344.019999,344.019999,98.2,472.0,0.0,0.0,6.0,4.0,24.0,0.0,0.0,0.0,0.0,0.0,0.0,0.0,1.0,248.9,18.56,2.61,1.09,9.0,5.0,0.0,1.0,0.0,3.0,0.0,1.0,5.0,10.0,0.301029996
16203906,ClC1=CC(OC(=O)C2=CC=NC=C2)=CN=C1,C11H7ClN2O2,234.64,InChI=1S/C11H7ClN2O2/c12-9-5-10(7-14-6-9)16-11(15)8-1-3-13-4-2-8/h1-7H,DPPNJVAWFLHUGI-UHFFFAOYSA-N,(5-chloropyridin-3-yl) pyridine-4-carboxylate,1.8,234.019605,234.019605,52.1,244.0,0.0,0.0,4.0,3.0,16.0,0.0,0.0,0.0,0.0,0.0,0.0,0.0,1.0,171.8,10.32,1.46,1.02,5.0,3.0,0.0,0.0,0.0,2.0,0.0,0.6,3.0,10.0,0.785156152
16204423,ClC1=CC(OC(=O)C2=CN=CC=C2)=CN=C1,C11H7ClN2O2,234.64,InChI=1S/C11H7ClN2O2/c12-9-4-10(7-14-6-9)16-11(15)8-2-1-3-13-5-8/h1-7H,ARSVVAZBFAERQJ-UHFFFAOYSA-N,(5-chloropyridin-3-yl) pyridine-3-carboxylate,1.8,234.019605,234.019605,52.1,250.0,0.0,0.0,4.0,3.0,16.0,0.0,0.0,0.0,0.0,0.0,0.0,0.0,1.0,171.9,10.41,1.33,1.15,5.0,3.0,0.0,0.0,0.0,2.0,0.0,0.6,3.0,10.0,0.156767222
16202740,ClC1=CC=C(C=C1)C(=O)OC1=CN=CC(Cl)=C1,C12H7Cl2NO2,268.09,InChI=1S/C12H7Cl2NO2/c13-9-3-1-8(2-4-9)12(16)17-11-5-10(14)6-15-7-11/h1-7H,KLXHMZDATSPDMW-UHFFFAOYSA-N,(5-chloropyridin-3-yl) 4-chlorobenzoate,3.5,266.985384,266.985384,39.2,267.0,0.0,0.0,3.0,3.0,17.0,0.0,0.0,0.0,0.0,0.0,0.0,0.0,1.0,190.8,12.49,1.44,1.02,4.0,2.0,0.0,0.0,0.0,2.0,0.0,0.6,3.0,10.0,BLINDED
16204115,[O-][N+](=O)C1=C(C=CC=C1)C(=O)OC1=CN=CC(Cl)=C1,C12H7ClN2O4,278.65,InChI=1S/C12H7ClN2O4/c13-8-5-9(7-14-6-8)19-12(16)10-3-1-2-4-11(10)15(17)18/h1-7H,BWJAVTAYGYCMFB-UHFFFAOYSA-N,(5-chloropyridin-3-yl) 2-nitrobenzoate,2.8,278.009434,278.009434,85.0,347.0,0.0,0.0,5.0,3.0,19.0,0.0,0.0,0.0,0.0,0.0,0.0,0.0,1.0,199.4,9.78,2.36,0.96,7.0,4.0,0.0,1.0,0.0,2.0,0.0,0.6,4.0,10.0,0.477555766
16202858,[O-][N+](=O)C1=CC=CC(=C1)C(=O)OC1=CN=CC(Cl)=C1,C12H7ClN2O4,278.65,InChI=1S/C12H7ClN2O4/c13-9-5-11(7-14-6-9)19-12(16)8-2-1-3-10(4-8)15(17)18/h1-7H,GDFHBGYIOKPUFO-UHFFFAOYSA-N,(5-chloropyridin-3-yl) 3-nitrobenzoate,2.7,278.009434,278.009434,85.0,347.0,0.0,0.0,5.0,3.0,19.0,0.0,0.0,0.0,0.0,0.0,0.0,0.0,1.0,199.5,13.0,1.67,1.06,7.0,4.0,0.0,1.0,0.0,2.0,0.0,0.6,4.0,10.0,0.164943898
16203908,ClC1=CC(OC(=O)C2=C3C=CC=CC3=CC=C2)=CN=C1,C16H10ClNO2,283.71,InChI=1S/C16H10ClNO2/c17-12-8-13(10-18-9-12)20-16(19)15-7-3-5-11-4-1-2-6-14(11)15/h1-10H,MBLPTPFVBVNBEX-UHFFFAOYSA-N,(5-chloropyridin-3-yl) naphthalene-1-carboxylate,4.1,283.040006,283.040006,39.2,349.0,0.0,0.0,3.0,3.0,20.0,0.0,0.0,0.0,0.0,0.0,0.0,0.0,1.0,214.2,11.28,2.68,0.85,5.0,2.0,0.0,0.0,0.0,3.0,0.0,0.6,3.0,10.0,0.906578315
10804277,ClC1=CC(OC(=O)C2=CC3=C(OC2=O)C=CC=C3)=CN=C1,C15H8ClNO4,301.68,InChI=1S/C15H8ClNO4/c16-10-6-11(8-17-7-10)20-14(18)12-5-9-3-1-2-4-13(9)21-15(12)19/h1-8H,SGHKVFYMZNVFKN-UHFFFAOYSA-N,(5-chloropyridin-3-yl) 2-oxochromene-3-carboxylate,3.1,301.014185,301.014185,65.5,465.0,0.0,0.0,5.0,3.0,21.0,0.0,0.0,0.0,0.0,0.0,0.0,0.0,1.0,218.0,14.58,1.62,1.02,6.0,3.0,0.0,0.0,0.0,3.0,0.0,0.6,3.0,10.0,0.966576245
58589722,CN1CCN(CC1)S(=O)(=O)C1=CC2=C(NC(=O)C2=O)C=C1,C13H15N3O4S,309.34,"InChI=1S/C13H15N3O4S/c1-15-4-6-16(7-5-15)21(19,20)9-2-3-11-10(8-9)12(17)13(18)14-11/h2-3,8H,4-7H2,1H3,(H,14,17,18)",ZVAIPJCURHADPA-UHFFFAOYSA-N,"5-(4-methylpiperazin-1-yl)sulfonyl-1H-indole-2,3-dione",-0.4,309.078327,309.078327,95.2,548.0,0.0,1.0,6.0,2.0,21.0,0.0,0.0,0.0,0.0,0.0,0.0,0.0,1.0,224.0,8.91,2.56,1.68,9.0,4.0,1.0,0.0,1.0,3.0,0.0,0.6,3.4,10.0,BLINDED
73056465,ClC1=CC(CN2CCN(CC2)S(=O)(=O)C2=CC3=C(NC(=O)C3=O)C=C2)=CC=C1,C19H18ClN3O4S,419.9,"InChI=1S/C19H18ClN3O4S/c20-14-3-1-2-13(10-14)12-22-6-8-23(9-7-22)28(26,27)15-4-5-17-16(11-15)18(24)19(25)21-17/h1-5,10-11H,6-9,12H2,(H,21,24,25)",SNTYRLDSAOSHDU-UHFFFAOYSA-N,"5-[4-[(3-chlorophenyl)methyl]piperazin-1-yl]sulfonyl-1H-indole-2,3-dione",1.8,419.070655,419.070655,95.2,717.0,0.0,1.0,6.0,4.0,28.0,0.0,0.0,0.0,0.0,0.0,0.0,0.0,1.0,303.6,14.21,4.61,1.82,10.0,4.0,1.0,0.0,1.0,4.0,0.0,0.8,5.4,10.0,-1.501196242
73056466,COC1=CC(CN2CCN(CC2)S(=O)(=O)C2=CC3=C(NC(=O)C3=O)C=C2)=CC(OC)=C1OC,C22H25N3O7S,475.5,"InChI=1S/C22H25N3O7S/c1-30-18-10-14(11-19(31-2)21(18)32-3)13-24-6-8-25(9-7-24)33(28,29)15-4-5-17-16(12-15)20(26)22(27)23-17/h4-5,10-12H,6-9,13H2,1-3H3,(H,23,26,27)",HOGKBBZYBPZNMF-UHFFFAOYSA-N,"5-[4-[(3,4,5-trimethoxyphenyl)methyl]piperazin-1-yl]sulfonyl-1H-indole-2,3-dione",1.1,475.141321,475.141321,123.0,810.0,0.0,1.0,9.0,7.0,33.0,0.0,0.0,0.0,0.0,0.0,0.0,0.0,1.0,351.5,15.91,5.25,1.9,13.0,7.0,1.0,0.0,1.0,4.0,0.0,1.2,8.4,10.0,-1.50623436
73056467,O=C1NC2=C(C=C(C=C2)S(=O)(=O)N2CCN(CCC3=CC=CC=C3)CC2)C1=O,C20H21N3O4S,399.5,"InChI=1S/C20H21N3O4S/c24-19-17-14-16(6-7-18(17)21-20(19)25)28(26,27)23-12-10-22(11-13-23)9-8-15-4-2-1-3-5-15/h1-7,14H,8-13H2,(H,21,24,25)",SLXKZEHUWJAPQB-UHFFFAOYSA-N,"5-[4-(2-phenylethyl)piperazin-1-yl]sulfonyl-1H-indole-2,3-dione",1.6,399.125277,399.125277,95.2,691.0,0.0,1.0,6.0,5.0,28.0,0.0,0.0,0.0,0.0,0.0,0.0,0.0,1.0,300.7,19.41,3.82,1.61,10.0,4.0,1.0,0.0,1.0,4.0,0.0,0.8,6.4,10.0,-1.542949849
73056760,O=C(N1CCN(CC1)S(=O)(=O)C1=CC2=C(NC(=O)C2=O)C=C1)C1=CC=CO1,C17H15N3O6S,389.4,"InChI=1S/C17H15N3O6S/c21-15-12-10-11(3-4-13(12)18-16(15)22)27(24,25)20-7-5-19(6-8-20)17(23)14-2-1-9-26-14/h1-4,9-10H,5-8H2,(H,18,21,22)",DHVQYMBCGPALOW-UHFFFAOYSA-N,"5-[4-(furan-2-carbonyl)piperazin-1-yl]sulfonyl-1H-indole-2,3-dione",0.2,389.068156,389.068156,125.0,740.0,0.0,1.0,7.0,3.0,27.0,0.0,0.0,0.0,0.0,0.0,0.0,0.0,1.0,279.6,10.92,4.63,1.72,11.0,6.0,1.0,0.0,0.0,4.0,0.0,0.8,5.4,10.0,-1.003029471
73056761,O=C1NC2=C(C=C(C=C2)S(=O)(=O)N2CCN(CC2)C2=CC=CC=N2)C1=O,C17H16N4O4S,372.4,"InChI=1S/C17H16N4O4S/c22-16-13-11-12(4-5-14(13)19-17(16)23)26(24,25)21-9-7-20(8-10-21)15-3-1-2-6-18-15/h1-6,11H,7-10H2,(H,19,22,23)",RQCUTXHKWJPTCR-UHFFFAOYSA-N,"5-(4-pyridin-2-ylpiperazin-1-yl)sulfonyl-1H-indole-2,3-dione",0.7,372.089226,372.089226,108.0,669.0,0.0,1.0,7.0,3.0,26.0,0.0,0.0,0.0,0.0,0.0,0.0,0.0,1.0,272.4,13.4,3.58,1.7,11.0,5.0,1.0,0.0,1.0,4.0,0.0,0.8,4.4,10.0,-1.710371264
4117383,O=C1NC2=C(C=C(C=C2)S(=O)(=O)N2CCCCC2)C1=O,C13H14N2O4S,294.33,"InChI=1S/C13H14N2O4S/c16-12-10-8-9(4-5-11(10)14-13(12)17)20(18,19)15-6-2-1-3-7-15/h4-5,8H,1-3,6-7H2,(H,14,16,17)",YATIWPMEKYVTAO-UHFFFAOYSA-N,"5-piperidin-1-ylsulfonyl-1H-indole-2,3-dione",0.6,294.067428,294.067428,91.9,519.0,0.0,1.0,5.0,2.0,20.0,0.0,0.0,0.0,0.0,0.0,0.0,0.0,1.0,213.9,8.29,2.22,1.69,8.0,4.0,1.0,0.0,0.0,3.0,0.0,0.6,3.4,10.0,BLINDED
8027611,O=C1NC2=C(C=C(C=C2)S(=O)(=O)N2CCOCC2)C1=O,C12H12N2O5S,296.3,"InChI=1S/C12H12N2O5S/c15-11-9-7-8(1-2-10(9)13-12(11)16)20(17,18)14-3-5-19-6-4-14/h1-2,7H,3-6H2,(H,13,15,16)",AKGSTTAKYFDPMP-UHFFFAOYSA-N,"5-morpholin-4-ylsulfonyl-1H-indole-2,3-dione",-0.6,296.046693,296.046693,101.0,521.0,0.0,1.0,6.0,2.0,20.0,0.0,0.0,0.0,0.0,0.0,0.0,0.0,1.0,210.0,8.03,2.17,1.72,9.0,5.0,1.0,0.0,0.0,3.0,0.0,0.6,3.4,10.0,-1.102433706
4117477,CC1CCN(CC1)S(=O)(=O)C1=CC2=C(NC(=O)C2=O)C=C1,C14H16N2O4S,308.35,"InChI=1S/C14H16N2O4S/c1-9-4-6-16(7-5-9)21(19,20)10-2-3-12-11(8-10)13(17)14(18)15-12/h2-3,8-9H,4-7H2,1H3,(H,15,17,18)",BQKVHNAQDABFSN-UHFFFAOYSA-N,"5-(4-methylpiperidin-1-yl)sulfonyl-1H-indole-2,3-dione",1.1,308.083078,308.083078,91.9,546.0,0.0,1.0,5.0,2.0,21.0,0.0,0.0,0.0,0.0,0.0,0.0,0.0,1.0,226.6,9.12,2.56,1.67,8.0,4.0,1.0,0.0,0.0,3.0,0.0,0.6,3.4,10.0,-0.071882007
73056762,CC1CCCCN1S(=O)(=O)C1=CC2=C(NC(=O)C2=O)C=C1,C14H16N2O4S,308.35,"InChI=1S/C14H16N2O4S/c1-9-4-2-3-7-16(9)21(19,20)10-5-6-12-11(8-10)13(17)14(18)15-12/h5-6,8-9H,2-4,7H2,1H3,(H,15,17,18)",GYYSCINPBSJGRR-UHFFFAOYSA-N,"5-(2-methylpiperidin-1-yl)sulfonyl-1H-indole-2,3-dione",1.1,308.083078,308.083078,91.9,554.0,0.0,1.0,5.0,2.0,21.0,0.0,1.0,0.0,1.0,0.0,0.0,0.0,1.0,226.3,10.25,1.91,1.56,8.0,4.0,1.0,0.0,0.0,3.0,0.0,0.6,3.4,10.0,-0.352182518
76320984,CC1CC(C)CN(C1)S(=O)(=O)C1=CC2=C(NC(=O)C2=O)C=C1,C15H18N2O4S,322.4,"InChI=1S/C15H18N2O4S/c1-9-5-10(2)8-17(7-9)22(20,21)11-3-4-13-12(6-11)14(18)15(19)16-13/h3-4,6,9-10H,5,7-8H2,1-2H3,(H,16,18,19)",MQFBYURCQCLGNY-UHFFFAOYSA-N,"5-(3,5-dimethylpiperidin-1-yl)sulfonyl-1H-indole-2,3-dione",1.5,322.098728,322.098728,91.9,573.0,0.0,1.0,5.0,2.0,22.0,0.0,2.0,0.0,2.0,0.0,0.0,0.0,1.0,239.4,9.3,2.65,1.63,8.0,4.0,1.0,0.0,0.0,3.0,0.0,0.6,3.4,10.0,-0.633468456
73056763,CN1C(=O)C(=O)C2=C1C=CC(=C2)S(=O)(=O)N1CCN(C)CC1,C14H17N3O4S,323.37,"InChI=1S/C14H17N3O4S/c1-15-5-7-17(8-6-15)22(20,21)10-3-4-12-11(9-10)13(18)14(19)16(12)2/h3-4,9H,5-8H2,1-2H3",NQAVEPSYAPOTOQ-UHFFFAOYSA-N,"1-methyl-5-(4-methylpiperazin-1-yl)sulfonylindole-2,3-dione",-0.5,323.093977,323.093977,86.4,577.0,0.0,0.0,6.0,2.0,22.0,0.0,0.0,0.0,0.0,0.0,0.0,0.0,1.0,237.2,9.38,2.48,1.93,8.0,4.0,0.0,0.0,1.0,3.0,0.0,0.6,3.4,10.0,-1.072984745
73056764,CN1CCN(CC1)S(=O)(=O)C1=CC2=C(C=C1)N(CC1=CC=CC=C1)C(=O)C2=O,C20H21N3O4S,399.5,"InChI=1S/C20H21N3O4S/c1-21-9-11-22(12-10-21)28(26,27)16-7-8-18-17(13-16)19(24)20(25)23(18)14-15-5-3-2-4-6-15/h2-8,13H,9-12,14H2,1H3",BRLKIPDBKPIANQ-UHFFFAOYSA-N,"1-benzyl-5-(4-methylpiperazin-1-yl)sulfonylindole-2,3-dione",1.4,399.125277,399.125277,86.4,706.0,0.0,0.0,6.0,4.0,28.0,0.0,0.0,0.0,0.0,0.0,0.0,0.0,1.0,300.7,11.23,4.34,2.01,9.0,4.0,0.0,0.0,1.0,4.0,0.0,0.8,5.4,10.0,-1.827369273
4614896,CN1C(=O)C(=O)C2=C1C=CC(=C2)S(=O)(=O)N1CCOCC1,C13H14N2O5S,310.33,"InChI=1S/C13H14N2O5S/c1-14-11-3-2-9(8-10(11)12(16)13(14)17)21(18,19)15-4-6-20-7-5-15/h2-3,8H,4-7H2,1H3",PSNZNQIYZSUSAB-UHFFFAOYSA-N,"1-methyl-5-morpholin-4-ylsulfonylindole-2,3-dione",-0.6,310.062343,310.062343,92.4,549.0,0.0,0.0,6.0,2.0,21.0,0.0,0.0,0.0,0.0,0.0,0.0,0.0,1.0,222.8,8.68,2.11,1.89,8.0,5.0,0.0,0.0,0.0,3.0,0.0,0.6,3.4,10.0,-0.996073654
4378077,O=C1N(CC2=CC=CC=C2)C2=C(C=C(C=C2)S(=O)(=O)N2CCOCC2)C1=O,C19H18N2O5S,386.4,"InChI=1S/C19H18N2O5S/c22-18-16-12-15(27(24,25)20-8-10-26-11-9-20)6-7-17(16)21(19(18)23)13-14-4-2-1-3-5-14/h1-7,12H,8-11,13H2",BUOHCEBNOKMVIT-UHFFFAOYSA-N,"1-benzyl-5-morpholin-4-ylsulfonylindole-2,3-dione",1.2,386.093643,386.093643,92.4,677.0,0.0,0.0,6.0,4.0,27.0,0.0,0.0,0.0,0.0,0.0,0.0,0.0,1.0,285.9,10.98,3.84,1.88,9.0,5.0,0.0,0.0,0.0,4.0,0.0,0.8,5.4,10.0,-1.14176323
73057090,CC1CCN(CC1)S(=O)(=O)C1=CC2=C(C=C1)N(CC1=CC=CC=C1)C(=O)C2=O,C21H22N2O4S,398.5,"InChI=1S/C21H22N2O4S/c1-15-9-11-22(12-10-15)28(26,27)17-7-8-19-18(13-17)20(24)21(25)23(19)14-16-5-3-2-4-6-16/h2-8,13,15H,9-12,14H2,1H3",FXEKOZSZGNWFIV-UHFFFAOYSA-N,"1-benzyl-5-(4-methylpiperidin-1-yl)sulfonylindole-2,3-dione",2.8,398.130028,398.130028,83.1,702.0,0.0,0.0,5.0,4.0,28.0,0.0,0.0,0.0,0.0,0.0,0.0,0.0,1.0,302.9,11.4,4.4,2.01,8.0,4.0,0.0,0.0,0.0,4.0,0.0,0.8,5.4,10.0,-0.017033339
73057089,CC1CCN(CC1)S(=O)(=O)C1=CC2=C(C=C1)N(C)C(=O)C2=O,C15H18N2O4S,322.4,"InChI=1S/C15H18N2O4S/c1-10-5-7-17(8-6-10)22(20,21)11-3-4-13-12(9-11)14(18)15(19)16(13)2/h3-4,9-10H,5-8H2,1-2H3",VJMHCEGFLYQVFN-UHFFFAOYSA-N,"1-methyl-5-(4-methylpiperidin-1-yl)sulfonylindole-2,3-dione",1.0,322.098728,322.098728,83.1,575.0,0.0,0.0,5.0,2.0,22.0,0.0,0.0,0.0,0.0,0.0,0.0,0.0,1.0,239.9,9.68,2.48,1.9,7.0,4.0,0.0,0.0,0.0,3.0,0.0,0.6,3.4,10.0,-1.2509077
73057388,CC1CC(C)CN(C1)S(=O)(=O)C1=CC2=C(C=C1)N(CC1=CC=CC=C1)C(=O)C2=O,C22H24N2O4S,412.5,"InChI=1S/C22H24N2O4S/c1-15-10-16(2)13-23(12-15)29(27,28)18-8-9-20-19(11-18)21(25)22(26)24(20)14-17-6-4-3-5-7-17/h3-9,11,15-16H,10,12-14H2,1-2H3",QICBOSNBQWKJCT-UHFFFAOYSA-N,"1-benzyl-5-(3,5-dimethylpiperidin-1-yl)sulfonylindole-2,3-dione",3.3,412.145678,412.145678,83.1,730.0,0.0,0.0,5.0,4.0,29.0,0.0,2.0,0.0,2.0,0.0,0.0,0.0,1.0,316.6,11.98,4.05,2.27,8.0,4.0,0.0,0.0,0.0,4.0,0.0,0.8,5.4,10.0,-0.450249108
73056765,CN1CCN(CC1)S(=O)(=O)C1=CC=C2N(CC3=CC=C4C=CC=CC4=C3)C(=O)C(=O)C2=C1,C24H23N3O4S,449.5,"InChI=1S/C24H23N3O4S/c1-25-10-12-26(13-11-25)32(30,31)20-8-9-22-21(15-20)23(28)24(29)27(22)16-17-6-7-18-4-2-3-5-19(18)14-17/h2-9,14-15H,10-13,16H2,1H3",ZHWQABAAWBOKDB-UHFFFAOYSA-N,"5-(4-methylpiperazin-1-yl)sulfonyl-1-(naphthalen-2-ylmethyl)indole-2,3-dione",2.6,449.140927,449.140927,86.4,833.0,0.0,0.0,6.0,4.0,32.0,0.0,0.0,0.0,0.0,0.0,0.0,0.0,1.0,340.0,12.52,5.78,2.04,10.0,4.0,0.0,0.0,1.0,5.0,0.0,0.8,5.4,10.0,-1.918606915
0,O=C1N(CC2=CC=C3C=CC=CC3=C2)C2=CC=C(C=C2C1=O)S(=O)(=O)N1CCN(CCC2=CC=CC=C2)CC1,0,0.0,0,,,,,,,,,,,,,,,,,,,,,,,,,,,,,,,,,,,-1.14176323
73055922,O=C1N(CC2=CC=C3C=CC=CC3=C2)C2=CC=C(C=C2C1=O)S(=O)(=O)N1CCN(CC1)C1=CC=CC=N1,C28H24N4O4S,512.6,"InChI=1S/C28H24N4O4S/c33-27-24-18-23(37(35,36)31-15-13-30(14-16-31)26-7-3-4-12-29-26)10-11-25(24)32(28(27)34)19-20-8-9-21-5-1-2-6-22(21)17-20/h1-12,17-18H,13-16,19H2",VFGBTJQWXBIYOV-UHFFFAOYSA-N,"1-(naphthalen-2-ylmethyl)-5-(4-pyridin-2-ylpiperazin-1-yl)sulfonylindole-2,3-dione",3.6,512.151826,512.151826,99.3,960.0,0.0,0.0,7.0,5.0,37.0,0.0,0.0,0.0,0.0,0.0,0.0,0.0,1.0,388.4,13.44,8.28,2.42,12.0,5.0,0.0,0.0,1.0,6.0,0.0,1.2,6.4,10.0,-0.741939078
0,O=C1N(CC2=CC=C3C=CC=CC3=C2)C2=CC=C(C=C2C1=O)S(=O)(=O)N1CCCCC1,0,0.0,0,,,,,,,,,,,,,,,,,,,,,,,,,,,,,,,,,,,-1.146128036
73057088,O=C1N(CC2=CC=C3C=CC=CC3=C2)C2=CC=C(C=C2C1=O)S(=O)(=O)N1CCOCC1,C23H20N2O5S,436.5,"InChI=1S/C23H20N2O5S/c26-22-20-14-19(31(28,29)24-9-11-30-12-10-24)7-8-21(20)25(23(22)27)15-16-5-6-17-3-1-2-4-18(17)13-16/h1-8,13-14H,9-12,15H2",BWGFGUKNOFRZPA-UHFFFAOYSA-N,"5-morpholin-4-ylsulfonyl-1-(naphthalen-2-ylmethyl)indole-2,3-dione",2.4,436.109293,436.109293,92.4,803.0,0.0,0.0,6.0,4.0,31.0,0.0,0.0,0.0,0.0,0.0,0.0,0.0,1.0,325.6,12.53,5.21,1.89,10.0,5.0,0.0,0.0,0.0,5.0,0.0,0.8,5.4,10.0,-1.600646236
73057091,CC1CCN(CC1)S(=O)(=O)C1=CC=C2N(CC3=CC=C4C=CC=CC4=C3)C(=O)C(=O)C2=C1,C25H24N2O4S,448.5,"InChI=1S/C25H24N2O4S/c1-17-10-12-26(13-11-17)32(30,31)21-8-9-23-22(15-21)24(28)25(29)27(23)16-18-6-7-19-4-2-3-5-20(19)14-18/h2-9,14-15,17H,10-13,16H2,1H3",FANAPCIIMCNEBU-UHFFFAOYSA-N,"5-(4-methylpiperidin-1-yl)sulfonyl-1-(naphthalen-2-ylmethyl)indole-2,3-dione",4.1,448.145678,448.145678,83.1,829.0,0.0,0.0,5.0,4.0,32.0,0.0,0.0,0.0,0.0,0.0,0.0,0.0,1.0,342.7,12.56,5.93,2.04,9.0,4.0,0.0,0.0,0.0,5.0,0.0,0.8,5.4,10.0,-0.227886705
0,CC1CC(C)CN(C1)S(=O)(=O)C1=CC=C2N(CC3=CC=C4C=CC=CC4=C3)C(=O)C(=O)C2=C1,0,0.0,0,,,,,,,,,,,,,,,,,,,,,,,,,,,,,,,,,,,-0.672097858
44398160,CC1=C(CN2C(=O)C(=O)C3=CC(=CC=C23)C#N)C(C)=NO1,C15H11N3O3,281.27,"InChI=1S/C15H11N3O3/c1-8-12(9(2)21-17-8)7-18-13-4-3-10(6-16)5-11(13)14(19)15(18)20/h3-5H,7H2,1-2H3",AGHODQJTQBGFTA-UHFFFAOYSA-N,"1-[(3,5-dimethyl-1,2-oxazol-4-yl)methyl]-2,3-dioxoindole-5-carbonitrile",1.4,281.080041,281.080041,87.2,512.0,0.0,0.0,5.0,2.0,21.0,0.0,0.0,0.0,0.0,0.0,0.0,0.0,1.0,215.4,8.09,3.27,1.01,7.0,4.0,0.0,0.0,0.0,3.0,0.0,0.6,2.2,10.0,-0.857332496
44398002,FC1=CC(Cl)=C(CN2C(=O)C(=O)C3=CC(I)=CC=C23)C=C1,C15H8ClFINO2,415.58,"InChI=1S/C15H8ClFINO2/c16-12-5-9(17)2-1-8(12)7-19-13-4-3-10(18)6-11(13)14(20)15(19)21/h1-6H,7H2",ZRTPFLLKDJDNGZ-UHFFFAOYSA-N,"1-[(2-chloro-4-fluorophenyl)methyl]-5-iodoindole-2,3-dione",3.8,414.92723,414.92723,37.4,449.0,0.0,0.0,3.0,2.0,21.0,0.0,0.0,0.0,0.0,0.0,0.0,0.0,1.0,240.0,8.68,3.27,1.51,6.0,2.0,0.0,0.0,0.0,3.0,1.0,0.6,2.2,10.0,-0.973127854
44398167,IC1=CC=C2N(CC3COC4=C(O3)C=CC=C4)C(=O)C(=O)C2=C1,C17H12INO4,421.18,"InChI=1S/C17H12INO4/c18-10-5-6-13-12(7-10)16(20)17(21)19(13)8-11-9-22-14-3-1-2-4-15(14)23-11/h1-7,11H,8-9H2",CDKFEFPWJYFQEG-UHFFFAOYSA-N,"1-(2,3-dihydro-1,4-benzodioxin-3-ylmethyl)-5-iodoindole-2,3-dione",3.0,420.9811,420.9811,55.8,499.0,0.0,0.0,4.0,2.0,23.0,0.0,1.0,0.0,1.0,0.0,0.0,0.0,1.0,252.9,11.8,2.6,1.89,9.0,4.0,0.0,0.0,0.0,4.0,1.0,0.6,3.0,10.0,BLINDED
44398055,O=C1N(CC2=CC3=CC=CC=C3S2)C2=CC=CC=C2C1=O,C17H11NO2S,293.3,"InChI=1S/C17H11NO2S/c19-16-13-6-2-3-7-14(13)18(17(16)20)10-12-9-11-5-1-4-8-15(11)21-12/h1-9H,10H2",QGWPMYZWJXKBHT-UHFFFAOYSA-N,"1-(1-benzothiophen-2-ylmethyl)indole-2,3-dione",3.4,293.05105,293.05105,65.6,452.0,0.0,0.0,3.0,2.0,21.0,0.0,0.0,0.0,0.0,0.0,0.0,0.0,1.0,226.0,9.97,2.57,1.47,6.0,2.0,0.0,0.0,0.0,4.0,0.0,0.6,2.2,10.0,-1.117602692
44398343,[O-][N+](=O)C1=C2N(CC3=CC4=CC=CC=C4S3)C(=O)C(=O)C2=CC=C1,C17H10N2O4S,338.3,"InChI=1S/C17H10N2O4S/c20-16-12-5-3-6-13(19(22)23)15(12)18(17(16)21)9-11-8-10-4-1-2-7-14(10)24-11/h1-8H,9H2",BEXUOOJPJCTWKL-UHFFFAOYSA-N,"1-(1-benzothiophen-2-ylmethyl)-7-nitroindole-2,3-dione",3.3,338.036128,338.036128,111.0,563.0,0.0,0.0,5.0,2.0,24.0,0.0,0.0,0.0,0.0,0.0,0.0,0.0,1.0,249.5,9.22,2.66,1.84,9.0,4.0,0.0,1.0,0.0,4.0,0.0,0.6,3.2,9.0,-0.301029996
11667869,BrC1=C2N(CC3=CC4=CC=CC=C4S3)C(=O)C(=O)C2=CC=C1,C17H10BrNO2S,372.2,"InChI=1S/C17H10BrNO2S/c18-13-6-3-5-12-15(13)19(17(21)16(12)20)9-11-8-10-4-1-2-7-14(10)22-11/h1-8H,9H2",UFOWXDUBQLPEOX-UHFFFAOYSA-N,"1-(1-benzothiophen-2-ylmethyl)-7-bromoindole-2,3-dione",4.1,370.96156,370.96156,65.6,485.0,0.0,0.0,3.0,2.0,22.0,0.0,0.0,0.0,0.0,0.0,0.0,0.0,1.0,247.1,9.72,2.51,1.82,7.0,2.0,0.0,0.0,0.0,4.0,1.0,0.6,2.2,10.0,0.008773924
44398207,FC1=CC=C2N(CC3=CC4=CC=CC=C4S3)C(=O)C(=O)C2=C1,C17H10FNO2S,311.3,"InChI=1S/C17H10FNO2S/c18-11-5-6-14-13(8-11)16(20)17(21)19(14)9-12-7-10-3-1-2-4-15(10)22-12/h1-8H,9H2",ANYDLXSQWBLIIK-UHFFFAOYSA-N,"1-(1-benzothiophen-2-ylmethyl)-5-fluoroindole-2,3-dione",3.5,311.041628,311.041628,65.6,485.0,0.0,0.0,4.0,2.0,22.0,0.0,0.0,0.0,0.0,0.0,0.0,0.0,1.0,234.2,10.33,2.8,1.48,6.0,2.0,0.0,0.0,0.0,4.0,0.0,0.6,2.2,10.0,-0.683047038
11796320,IC1=CC=C2N(CC3=CC4=CC=CC=C4S3)C(=O)C(=O)C2=C1,C17H10INO2S,419.2,"InChI=1S/C17H10INO2S/c18-11-5-6-14-13(8-11)16(20)17(21)19(14)9-12-7-10-3-1-2-4-15(10)22-12/h1-8H,9H2",MAYSJMBSILUGEG-UHFFFAOYSA-N,"1-(1-benzothiophen-2-ylmethyl)-5-iodoindole-2,3-dione",4.1,418.9477,418.9477,65.6,485.0,0.0,0.0,3.0,2.0,22.0,0.0,0.0,0.0,0.0,0.0,0.0,0.0,1.0,252.2,11.38,3.28,1.33,7.0,2.0,0.0,0.0,0.0,4.0,1.0,0.6,2.2,10.0,0.022276395
44398344,ClC1=C2C(=O)C(=O)N(CC3=CC4=CC=CC=C4S3)C2=CC=C1,C17H10ClNO2S,327.8,"InChI=1S/C17H10ClNO2S/c18-12-5-3-6-13-15(12)16(20)17(21)19(13)9-11-8-10-4-1-2-7-14(10)22-11/h1-8H,9H2",VCHRPHJPXICPGC-UHFFFAOYSA-N,"1-(1-benzothiophen-2-ylmethyl)-4-chloroindole-2,3-dione",4.1,327.012077,327.012077,65.6,485.0,0.0,0.0,3.0,2.0,22.0,0.0,0.0,0.0,0.0,0.0,0.0,0.0,1.0,241.3,10.87,2.49,1.62,6.0,2.0,0.0,0.0,0.0,4.0,0.0,0.6,2.2,10.0,-1.049218023
44398231,IC1=CC=C2N(C\C=C\C3=CC4=CC=CC=C4S3)C(=O)C(=O)C2=C1,C19H12INO2S,445.3,"InChI=1S/C19H12INO2S/c20-13-7-8-16-15(11-13)18(22)19(23)21(16)9-3-5-14-10-12-4-1-2-6-17(12)24-14/h1-8,10-11H,9H2/b5-3+",ULTYNOLOPCCXGD-HWKANZROSA-N,"1-[(E)-3-(1-benzothiophen-2-yl)prop-2-enyl]-5-iodoindole-2,3-dione",4.7,444.96335,444.96335,65.6,552.0,0.0,0.0,3.0,3.0,24.0,0.0,0.0,0.0,0.0,1.0,1.0,0.0,1.0,276.4,15.95,3.55,1.59,7.0,2.0,0.0,0.0,0.0,4.0,1.0,0.6,3.2,10.0,-1.371067862
44398546,ClC1=CC=C(NC(=O)C2=CC=C(CN3C(=O)C(=O)C4=CC(I)=CC=C34)S2)C=C1,C20H12ClIN2O3S,522.7,"InChI=1S/C20H12ClIN2O3S/c21-11-1-4-13(5-2-11)23-19(26)17-8-6-14(28-17)10-24-16-7-3-12(22)9-15(16)18(25)20(24)27/h1-9H,10H2,(H,23,26)",QLHBUHQTCJSYDO-UHFFFAOYSA-N,"N-(4-chlorophenyl)-5-[(5-iodo-2,3-dioxoindol-1-yl)methyl]thiophene-2-carboxamide",4.6,521.93019,521.93019,94.7,643.0,0.0,1.0,4.0,4.0,28.0,0.0,0.0,0.0,0.0,0.0,0.0,0.0,1.0,321.2,20.87,4.34,1.21,9.0,3.0,1.0,0.0,0.0,4.0,1.0,0.8,5.2,10.0,-1.099335278
44398436,IC1=CC=C2N(CC3=CC=C(S3)C(=O)N3CCCCC3)C(=O)C(=O)C2=C1,C19H17IN2O3S,480.3,"InChI=1S/C19H17IN2O3S/c20-12-4-6-15-14(10-12)17(23)19(25)22(15)11-13-5-7-16(26-13)18(24)21-8-2-1-3-9-21/h4-7,10H,1-3,8-9,11H2",FJXCZSNZFQISSC-UHFFFAOYSA-N,"5-iodo-1-[[5-(piperidine-1-carbonyl)thiophen-2-yl]methyl]indole-2,3-dione",3.4,480.00046,480.00046,85.9,595.0,0.0,0.0,4.0,3.0,26.0,0.0,0.0,0.0,0.0,0.0,0.0,0.0,1.0,298.4,12.09,5.0,1.16,8.0,3.0,0.0,0.0,0.0,4.0,1.0,0.8,5.4,10.0,-1.243038049
